problem,algorithm,n_var,runs,runtime_mean,runtime_std,front_size_mean,front_size_std,hv_mean,hv_std,hv_median,hv_iqr,igd_mean,igd_std,igd_median,igd_iqr,igd_plus_mean,igd_plus_std,igd_plus_median,igd_plus_iqr,epsilon_additive_mean,epsilon_additive_std,epsilon_additive_median,epsilon_additive_iqr,spacing_mean,spacing_std,spacing_median,spacing_iqr
zdt1,improved_nsga2,30,10,5.451125260000003,1.989991538498453,100.0,0.0,0.8710529542182229,0.0002204385435737561,0.8710139147361019,0.000213470260630233,0.004353172060472482,0.00018896530183654545,0.004321059487232971,0.00032145665935515155,0.002837962552058472,0.00015017623190975872,0.002790764210538829,0.00025993657466134336,0.011563720438377093,0.003255404063897661,0.010887481459432982,0.004685088737926536,0.004863402322187323,0.000509487118553697,0.004931903526945085,0.0008295980154470724
zdt1,pymoo_nsga2,30,10,3.561216989999957,0.14946312608561743,100.0,0.0,0.8683503741905098,0.00036445519485244095,0.8682326211369096,0.0005469684440622125,0.005040293332498037,0.00026783052397259956,0.00496155976682344,0.0003544343909237871,0.004238187343626433,0.00023934107073692945,0.004130967061351485,0.00039809723405810973,0.011701483041433263,0.001489830647258318,0.011190306276616435,0.0024511713001071894,0.004937144140785242,0.0005369855846492195,0.004865352758676434,0.0005690850822082311
zdt1,pymoo_rnsga2,30,10,2.087860449999971,1.5798952549574412,100.0,0.0,0.6838511707660929,0.01866957848380286,0.6792113974031498,0.01965484740191703,0.130494945484058,0.009759216155203206,0.12914378256517312,0.013258071880155264,0.09732061751151794,0.007695898574657727,0.09762470710346381,0.008793504980767988,0.2387475687796468,0.014563184506167778,0.24357638263329945,0.010826554124757193,0.004768427760485135,0.006570142521398669,0.0028625724864885724,0.0024518491184423227
zdt1,pymoo_dnsga2,30,10,0.9095429699999613,0.06603698359243769,100.0,0.0,0.8682533526637229,0.00029583455453581595,0.8682970449132906,0.00026640518749776465,0.005110220950933352,0.00016091335935461087,0.005159104154847863,6.490276867751263e-05,0.004333332808782349,0.00017159521655829503,0.004339207769505032,0.00017475511108313874,0.011798003612603355,0.0015857569425306777,0.011423392525060555,0.0020755644905934706,0.004980897879399599,0.00025952818515045744,0.005021814334826928,0.0002875047672667953
zdt2,improved_nsga2,30,10,1.4077639299999418,0.04780979661005637,100.0,0.0,0.5376626796937065,0.0001393507406651599,0.5377036451205617,0.0002275197002162832,0.004720198833247205,0.00031981001525648007,0.004748008225223454,0.0003578853458783265,0.002715769311898524,0.00017537337895285146,0.0027416087330097436,0.00023034348231113248,0.011868307699006953,0.002456137568437751,0.012479931253593257,0.003772245849896938,0.005148539782325222,0.000464350814849768,0.005339019718216782,0.0006418089325720489
zdt2,pymoo_nsga2,30,10,0.8429829700000255,0.058141039178269155,100.0,0.0,0.5339908499121813,0.0007377471899165345,0.5342061713124424,0.0007715958827376745,0.005501570389165868,0.00020680764527178586,0.005421054806335092,0.0003446508682209389,0.004505985770873567,0.0002840026734680871,0.0044134457260747995,0.0004308487005173856,0.011443083005423049,0.0017715778541776768,0.011459948677212728,0.002726108658725218,0.0050035498440986,0.0004052459897899529,0.004961737704867486,0.0004197054654093025
zdt2,pymoo_rnsga2,30,10,1.2126559599999838,0.05090253239660466,100.0,0.0,0.4162112687321319,0.017881464076825806,0.4190969514304924,0.028953477673836436,0.11057716437771314,0.017658245116479617,0.10886016775336649,0.02296091364782879,0.05965161997653003,0.007756434759373335,0.05910731783632364,0.01110092897745367,0.17527709079525572,0.011453848356464357,0.17559777894515094,0.014081048510515531,0.008387298498941624,0.005699663101441393,0.007575943593225951,0.009815363892545913
zdt2,pymoo_dnsga2,30,10,0.9614544899999828,0.04283346103473079,100.0,0.0,0.5342785577748688,0.0006288939145822753,0.5342694669897099,0.0003816017895189594,0.005343458303509837,0.0003519649725264866,0.005333159787891145,0.0004733600472986285,0.004265341612656168,0.0003353262744778134,0.00420839102121018,0.00032932213274908945,0.012629488759917946,0.003024674544770029,0.011827112240354154,0.00172713408011764,0.0051925799419024875,0.00038841793234633485,0.005249301347279425,0.000434398201616921
zdt3,improved_nsga2,30,10,4.642388900000038,2.5551415497164762,100.0,0.0,1.095408319312387,0.001227992860201521,1.095763377163268,0.00014543583895054724,0.0060789548258567225,0.0023345015896490497,0.005263719169008264,0.00021727369945174005,0.0017796007711088006,0.0005001540560886057,0.001608677887526762,7.154909046005e-05,0.009198163716625666,0.0036987636802541554,0.008092831011171314,0.0024314370681144688,0.00843054422007537,0.0036592407338107407,0.0073690027065434986,0.0009496143703846679
zdt3,pymoo_nsga2,30,10,3.516076950000047,0.3889461438598915,100.0,0.0,1.0928452999266043,0.0005278195216072192,1.0927933320909409,0.0004873825468365567,0.005611428782824377,0.0003860914960537018,0.005547273223472212,0.0002646121623278092,0.0023703980133383215,0.00018143920205642938,0.0023340906500026355,0.0002821778002031214,0.008446296926650557,0.0007034163118107715,0.008498293383128075,0.0008440459174926807,0.006803788519647171,0.0007360545810049102,0.006717227715537945,0.0006247552781645073
zdt3,pymoo_rnsga2,30,10,4.980645869999944,0.50463039072674,100.0,0.0,0.8098768133750396,0.12322810751069205,0.7816627493087134,0.22802397729124046,0.14856562976206394,0.05354903679583604,0.1434387017401719,0.07669229914313085,0.13586272456631526,0.06164405899714725,0.1365668731565683,0.0991743422385889,0.29789643701277846,0.10321237475194162,0.27974868573040645,0.1457328475805232,0.01533523794574931,0.009156117745947828,0.014698340028225232,0.013198123707436102
zdt3,pymoo_dnsga2,30,10,3.662236820000021,0.22232031555664744,100.0,0.0,1.0930041076423378,0.0003371256120060247,1.0929823404582257,0.00026322117632870956,0.00542097497795003,0.00014467738732391904,0.005434386681973102,0.0001738220565094227,0.0022870532548562457,0.00013211014394153201,0.002329587672627826,0.00019033226758486755,0.007871450407123674,0.0017668950353671253,0.007499210135994722,0.001494255744564195,0.007301570561935751,0.0018565924327294217,0.006813993324958908,0.00097743437620709
zdt4,improved_nsga2,10,10,7.375044600000001,0.906414062040219,100.0,0.0,0.8663853656070067,0.005656736860542727,0.8684022305038909,0.002638638758979628,0.006136515790040557,0.0031512086509948513,0.004794851592806487,0.0010024582805368302,0.005421406110695518,0.0032873014737050924,0.004012194737274934,0.0013604782986360179,0.012820735373246512,0.003924347825182942,0.01074407740563467,0.004026825729967168,0.004710035990641664,0.0007057979188806247,0.004655603113785749,0.000950333652822385
zdt4,pymoo_nsga2,10,10,3.355571669999995,0.4732625457022003,100.0,0.0,0.8624163644005568,0.00360228628227589,0.8627205616756781,0.005187195685231849,0.007954068828668639,0.0018722453721068298,0.007846929586758365,0.002600891605683009,0.007545996692024756,0.002044611579408339,0.007434934554719511,0.0028074459615419663,0.014986359168931956,0.002387289349031185,0.015382968408042208,0.0034951999205674184,0.004956554402129829,0.0005647295346061996,0.004972886414557993,0.0005612548772687123
zdt4,pymoo_rnsga2,10,10,4.381508489999964,1.3521269138350633,100.0,0.0,0.7231986134533445,0.034261079858349835,0.7007550029828651,0.06651185072151966,0.10829606254277138,0.019079204522331607,0.11740835887908505,0.035398526883082704,0.08083943990601863,0.015603964159424392,0.08935852652303766,0.02908931067818793,0.20763632941134808,0.022417090807628083,0.21442158377644518,0.04085688786069844,0.009978115537428563,0.00856523882400865,0.008913933395116782,0.006673763449011029
zdt4,pymoo_dnsga2,10,10,3.626716239999996,0.6373686748574632,100.0,0.0,0.8604511741701254,0.005175908194629483,0.8614576802559609,0.004740639530389723,0.009074991271374348,0.002996904684490345,0.008555333613617733,0.0024692694609417245,0.00876001453522095,0.0031385690862995,0.00825578870314899,0.0025993598519966615,0.015535580205398237,0.002416847908573001,0.015576090520132327,0.0013354514950756485,0.005134826524634184,0.0005085603484895097,0.005214712069923662,0.00045159435180266733
zdt6,improved_nsga2,10,10,5.245123420000004,1.922012842442843,93.9,18.3,0.40224892756565955,0.0031235305559659064,0.4031547781909102,0.0001463344142536016,0.004699939643945716,0.002792985342744976,0.0037727126390444494,0.00017762040929942885,0.003676929228285987,0.0018387442656773404,0.0031054727002890357,0.0001487309268393671,0.012826670455642416,0.00943978799406667,0.00960741131218984,0.0017135764130067344,0.005207515647121535,0.0039279118357314,0.003958502129396463,0.0009872017052601017
zdt6,pymoo_nsga2,10,10,1.4242284000000383,0.8949184063473729,100.0,0.0,0.3828537247355075,0.002195344387731576,0.3831740293038082,0.0030679568662149714,0.017128817817596596,0.001550644646174133,0.016960819849932453,0.0020765697603880515,0.017124843220879166,0.0015519120650413078,0.01695887186810121,0.002079319948107849,0.030470162568112864,0.004215239874969589,0.03023860846154857,0.00843518072204371,0.0035152756482300894,0.0002463896014134708,0.003628974813584521,0.0003828354785116372
zdt6,pymoo_rnsga2,10,10,1.1883775200000173,0.10143791163688042,100.0,0.0,0.3237555673045656,0.01610752073097231,0.317958191611611,0.025092051838881302,0.06988788799983407,0.014405727263716936,0.07380004593517273,0.01928639354460912,0.048738748071084824,0.008738692961873835,0.051364176248355445,0.012431923240020279,0.15742282915457953,0.03627188537422264,0.1735861267993421,0.06077353777086536,0.010749530431529214,0.009385166213111659,0.006156290894598245,0.01523944711190198
zdt6,pymoo_dnsga2,10,10,0.9081738000000315,0.08118725460632933,100.0,0.0,0.3818053126852764,0.00301131571098493,0.38291626627799824,0.004408363359679868,0.01780761374289041,0.0022133775802497813,0.016979701988733963,0.003174555043978438,0.01780268246882956,0.002214563731181526,0.016977723662135735,0.003177032731131197,0.034309882249998855,0.004449576324535841,0.03323965502963318,0.005635958414569285,0.0034904249490704878,0.0004453824839243952,0.0033640988750594505,0.0007838338205873548
